date,yt_pred_time_trend_1_dummy,yt_pred_time_trend_2_dummy,yt_pred_time_trend_3_dummy,yt_true,yt_pred_time_trend_3_fourier,yt_pred_mlp_8,yt_pred_stacked_mlp,yt_pred_d1d13_ar13,yt_pred_d1d12_mlp
1946-01-01,1095.0249999999992,1444.198616180507,1197.3892389014331,890,1138.240263583133,,,,
1946-02-01,1077.3934210526309,1417.7272045877276,1182.2558001361936,992,1250.6692805200862,,,,
1946-03-01,1214.0776315789465,1545.5715803337537,1321.1474334396976,979,1282.0046880942168,,,,
1946-04-01,1322.1302631578938,1644.7843762768762,1431.116770390895,959,1425.2150843147772,,,,
1946-05-01,1385.0249999999992,1698.83927674319,1495.6374952003118,1110,1564.7241622380238,,,,
1946-06-01,1539.4986842105254,1844.473122881762,1651.44644997321,1546,1531.9319146678731,,,,
1946-07-01,1929.709210526315,2225.843808421344,2042.701529446432,1539,2199.885663947838,,,,
1946-08-01,3034.4986842105254,3321.7934352765697,3148.244838883136,3401,2989.3103428884065,,,,
1946-09-01,2284.709210526315,2563.16412667662,2398.91848354648,2092,2535.8518322346986,,,,
1946-10-01,1815.6565789473675,2085.271657162996,1930.0382529101475,1436,1845.1812415880104,,,,
1946-11-01,1636.130263157894,1896.9055003584456,1750.3936206583508,1301,1778.8667492289214,,,,
1946-12-01,1397.6039473684202,1649.5393429107253,1511.4582710016136,1287,1539.9901752271903,,,,
1947-01-01,1220.817543859648,1464.4041988594968,1362.532522178096,1488,1302.4547672028712,,,,
1947-02-01,1203.1859649122798,1438.9149915567698,1344.924980777525,1517,1412.430127355236,1260.8287581197696,1205.9091766608774,,
1947-03-01,1339.8701754385957,1567.7415715928482,1481.3748133795798,1707,1441.3439891327448,1360.020366506708,1282.3323781895372,,
1947-04-01,1447.922807017543,1667.9365718260235,1588.9346515632103,1729,1582.16495054465,1434.9276830258302,1273.433292694676,,
1947-05-01,1510.817543859648,1722.9736765823898,1651.0781795389423,1788,1719.316704647208,1488.1159796137486,1335.6017470015531,,
1947-06-01,1665.2912280701746,1869.5897270110145,1804.5422394120385,2008,1684.1992442443357,1665.9033804755445,1497.3697155066295,,
1947-07-01,2055.501754385964,2251.9426168406494,2193.48472591934,2203,2349.859891679545,1959.1560238786856,1863.957944914859,,
1947-08-01,3160.291228070175,3348.874447985927,3296.747744324005,3713,3137.023579763325,2746.7774581373733,2894.159199623361,,
1947-09-01,2410.501754385964,2591.22734367603,2545.1733998891923,2946,2681.336189240795,2630.703128844552,2863.775341039616,,
1947-10-01,1941.4491228070167,2114.317078452459,2074.077482088586,2082,1988.468829713252,2093.597527732729,2029.615235978266,,
1947-11-01,1761.922807017543,1926.933125937961,1892.249464606397,2033,1919.9896794612744,1741.7666614193508,1480.9424720209256,,
1947-12-01,1523.3964912280694,1680.5491727802937,1651.16303165315,1937,1678.9805585546212,1677.8859347553462,1537.4542162262408,,
1948-01-01,1346.610087719297,1496.3962330191175,1500.118501467004,1711,1439.344714613347,1753.5357886832237,1652.0117303249654,,
1948-02-01,1328.978508771929,1471.889230006443,1480.4244806376878,1775,1547.251749836723,1739.437567935572,1669.055356603778,,
1948-03-01,1465.6627192982446,1601.698014332574,1614.8201357448788,1902,1574.12939767321,1888.1827194795087,1883.153469313908,1972.255844928933,1926.049644751516
1948-04-01,1573.715350877192,1702.875218855802,1720.358098367528,1846,1712.9462561320595,1983.316236258442,1939.414730605254,1965.2077776186552,1887.2497140495148
1948-05-01,1636.610087719297,1758.894527902221,1780.5120527161607,2083,1848.126018269529,1983.9057651298167,1892.824074311289,2015.5355067383664,1863.4183278324908
1948-06-01,1791.0837719298238,1906.4927826208984,1932.018840896039,2262,1811.068676889535,2158.2066304630985,2084.8934484011056,2424.4744858631075,2265.4727309741393
1948-07-01,2181.2942982456134,2289.827876740585,2319.0363576440045,2193,2474.821554335589,2554.716004430552,2533.9061811109777,2359.073541826468,2415.9099108447663
1948-08-01,3286.083771929824,3387.741912175916,3420.406708223217,3792,3260.1095834181806,3127.638201003202,3224.9487829434306,3968.0454167379567,3664.9418672998054
1948-09-01,2536.2942982456134,2631.077012156072,2666.9719978968333,2343,2802.578644882429,3252.58707489919,3492.979939566472,2808.073884261493,2984.137382679619
1948-10-01,2067.241666666666,2155.148951222553,2194.048016138538,2313,2107.89984832963,2329.598192114197,2224.2772761725173,1778.0672838479368,1437.8881294894472
1948-11-01,1887.715350877192,1968.747202998108,2010.4242366325427,2179,2037.6413720403643,2212.224623916176,2132.686406582887,2014.340903926257,2225.0459394036116
1948-12-01,1649.1890350877184,1723.3454541304927,1767.574343589371,1975,1794.8850360843894,2040.1687921261075,2016.651243986959,2064.639740338307,2045.7245091726477
1949-01-01,1472.4026315789465,1540.174718659369,1614.7986552471823,1880,1553.5340880817596,1933.9856433428847,1838.43563066775,1946.737616686484,1704.6241813906172
1949-02-01,1454.7710526315782,1516.6499199367477,1593.4057781957056,1930,1659.7581302317471,1924.142354971164,1896.2684076311289,1920.0382763384189,1902.8991330630233
1949-03-01,1591.4552631578938,1647.4409085529314,1726.1348790146185,2060,1684.9848959828123,2053.185689511821,2049.0046827920337,1982.7815379669228,2018.8474781187156
1949-04-01,1699.507894736841,1749.6003173662118,1830.038589282871,1843,1822.1829833442068,2121.5484272168123,2077.092607009939,2044.2205330800784,1966.902507671799
1949-05-01,1762.4026315789465,1806.6018307026832,1888.5905932109897,2052,1955.776085372188,2138.687668806007,2074.2585815882444,2085.3814693783934,2040.8154228500416
1949-06-01,1916.8763157894728,1955.1822897114127,2038.527732904236,2039,1917.1641948706715,2266.962148436801,2213.790710950877,2220.651094997744,2189.644815341353
1949-07-01,2307.0868421052623,2339.499588121153,2424.007903099452,2351,2579.39463418317,2466.51375748135,2433.34039241493,2249.044692701502,1931.9628214173363
1949-08-01,3411.8763157894728,3438.395827846536,3523.8732090597964,3394,3363.1923361201734,3112.6185945619177,3251.918120124103,3762.607581117477,3909.9215692619655
1949-09-01,2662.0868421052623,2682.7131321167444,2768.9657560484275,3581,2904.2031814268,2846.6459543004894,3016.640934569318,2548.4353384914266,1907.1780330123238
1949-10-01,2193.034210526315,2207.7672754732785,2294.6013335390285,2489,2208.0982797043453,2984.594223440351,3097.2310394574847,2640.605934145344,3519.3448277620664
1949-11-01,2013.5078947368413,2022.3477315388857,2109.569415215812,2468,2136.445809233391,2447.210598083738,2336.367524001348,2469.6987478975752,2323.4895344115284
1949-12-01,1774.9815789473676,1777.9281869613233,1865.3436852893003,2134,1892.327590083694,2239.320614258432,2176.2384981414434,2226.1934964846605,2219.070577977526
1950-01-01,1598.1951754385957,1595.7396557802526,1711.224461997655,1903,1649.6468698753092,2070.482450931117,1995.8158248486693,2046.4588016074367,2002.4748894882382
1950-02-01,1580.5635964912271,1573.1970613476833,1688.5203519306028,1719,1754.573250807508,2033.956729961612,1989.7650353954864,1992.470344726052,1915.0539780956979
1950-03-01,1717.247807017543,1704.9702542539198,1819.9705216678224,1617,1778.534466328751,2029.406107196108,2031.4423562616848,2074.5844593709207,1810.0252129783798
1950-04-01,1825.3004385964905,1808.1118673572528,1922.6276027882648,1818,1914.4991144482904,1992.4547221399064,1940.6552377093,1683.141804259445,1357.509379626962
1950-05-01,1888.195175438596,1866.0955849837767,1979.9652795024545,2067,2046.8908882223827,2110.0116713746493,2077.5738377445814,1980.5450024229017,1986.5326322385736
1950-06-01,2042.668859649122,2015.6582482825595,2128.720393915654,2457,2007.1097804549447,2224.14210489509,2178.55697223854,2195.6997235199237,2023.2119432086447
1950-07-01,2432.879385964912,2400.957750982352,2513.0508407647053,2600,2668.2031134894883,2698.725168540335,2700.5676431352467,2317.670010183856,2729.258623732332
1950-08-01,3537.668859649122,3500.836194997788,3611.798725312768,3530,3450.895820136502,3306.456967995082,3381.338698258829,3950.114521213785,3612.1437164702256
1950-09-01,2787.879385964912,2746.1357035580486,2855.8061528229982,2693,2990.8337811411066,3577.912782447563,3732.599047539772,2955.789534250798,3674.0454345615444
1950-10-01,2318.826754385964,2272.172051204635,2380.388912769081,2448,2293.688106104597,2725.543317076077,2701.1937008081413,2185.362043995555,1562.8286294956051
1950-11-01,2139.3004385964905,2087.734711560295,2194.336478835228,2250,2221.0269733075547,2495.2768998701727,2469.363887306733,2356.63328220858,2380.871070154204
1950-12-01,1900.7741228070167,1844.297371272785,1949.122535231963,1972,1975.9322028197355,2192.076661085717,2177.622693083817,2083.927275864969,1880.782038651816
1951-01-01,1723.9877192982449,1663.091044381767,1794.0474001974453,1682,1732.307042261195,2002.653619390742,1950.7759584536248,1834.4339849892567,1698.8347702868946
1951-02-01,1706.3561403508763,1641.5306542392505,1770.4196803214036,1730,1836.3210938312047,1840.2046706665635,1781.490203186397,1632.1512663734024,1456.1350227669136
1951-03-01,1843.040350877192,1774.286051435539,1900.978542183516,1814,1859.4020909782264,1878.897587188282,1831.821727308376,1650.0431531642243,1591.0827566140788
1951-04-01,1951.09298245614,1878.409868828925,2002.776617362732,1900,1994.5186317115104,2021.392437881441,1963.862264144632,1735.5211881898458,1981.6270840454417
1951-05-01,2013.9877192982449,1937.3757907455013,2059.2875900695785,2051,2126.0944090873136,2188.512920383572,2144.152572075086,2059.4323092802038,2114.699481869694
1951-06-01,2168.461403508771,2087.9206583343366,2207.2483024093167,2290,2085.529415909554,2435.181010205792,2411.998725209679,2243.0639720915124,2399.3102258622666
1951-07-01,2558.6719298245607,2474.202365324182,2590.816649118789,2599,2745.870974521742,2744.434115647028,2769.0959779411096,2505.690404479523,2396.5596318112193
1951-08-01,3663.461403508771,3575.0630136296704,3688.834735461153,3428,3527.844017734368,3174.0527430359903,3294.647160296792,3447.2218188010147,3485.8732154984755
1951-09-01,2913.6719298245607,2821.344726479984,2932.1446666995694,2262,3067.0944262925505,3072.884291689687,3229.347003890203,3216.806776688809,2553.471171557675
1951-10-01,2444.619298245613,2348.363278416623,2456.06223230772,2242,2369.293309797585,2483.550921091401,2411.6696728695106,2018.5965940809683,1971.832790344134
1951-11-01,2265.0929824561395,2164.9081430623355,2269.376905969815,2103,2296.0088465300537,2264.6624653623826,2225.98641153426,1945.350122515054,2011.906079328326
1951-12-01,2026.566666666666,1922.4530070648784,2023.562371896382,1825,2050.322856559713,2022.9634877172048,1997.8971869980007,1810.473888536565,1788.6269865216896
1952-01-01,1849.7802631578936,1742.228884463913,1867.9189483255773,1670,1806.138587506617,1861.170430536144,1764.9384968070965,1564.4544369281916,1498.6233230197545
1952-02-01,1832.1486842105253,1721.650698611449,1843.755241847132,1681,1909.6256415700389,1841.209893817581,1792.8236390046293,1574.5203931965766,1681.4692631821204
1952-03-01,1968.832894736841,1855.3883000977903,1973.8104190407207,1713,1932.2117521984376,1931.9919983673324,1891.2066494756843,1586.8698042319584,1728.1090612599678
1952-04-01,2076.8855263157884,1960.4943217812288,2075.1371114852977,1954,2066.8655174010664,1986.95592812284,1919.1028244791264,1792.4934808245737,1761.3966541436253
1952-05-01,2139.780263157894,2020.4424479878576,2131.209003391386,1876,2198.010630234181,2135.943013850513,2108.3941124616213,2064.0757810885334,2066.101766494521
1952-06-01,2294.25394736842,2171.969519866745,2278.7629368642483,2272,2157.0470835016995,2269.715557738094,2207.809387753809,2292.972049805392,2075.1671450320846
1952-07-01,2684.4644736842097,2559.2334311466434,2661.9568066407264,2612,2817.0221995471325,2684.39435850522,2733.6900191222726,2496.1662001117747,2542.912595390935
1952-08-01,3789.25394736842,3661.076283742184,3759.63271798398,3590,3598.6609111809694,3034.7348630131014,3180.8044930512915,3402.31706455876,3404.2509184408864
1952-09-01,3039.4644736842097,2908.34020088255,3002.6327761571656,2496,3137.6090991483297,2886.170529707978,3044.3978895033088,2527.949162726716,2386.925616540566
1952-10-01,2570.4118421052626,2436.340957109242,2526.2727706339683,2441,2439.537873050509,2457.412065039796,2393.7043620233767,2391.274556499628,2439.75006286389
1952-11-01,2390.8855263157884,2253.868026045008,2339.342175098599,2340,2366.015411168089,2268.818424125736,2220.6471577788966,2195.558485689038,2266.447247696229
1952-12-01,2152.359210526315,2012.3950943376024,2093.3146737615816,2090,2120.123533570826,2050.985174066736,2018.2979385608176,2020.759905111632,2026.2695548128067
1953-01-01,1975.5728070175428,1833.1531760266896,1937.4905848610767,1812,1875.7654878787755,1941.240382367185,1864.155415988536,1841.8684165104205,1899.4912266596425
1953-02-01,1957.9412280701745,1813.5571944642784,1913.178514986811,1788,1979.110876291208,1874.6076359552203,1816.670486556125,1852.2640728521565,1785.680339791339
1953-03-01,2094.6254385964903,1948.2770002406724,2043.1176307184644,1837,2001.587432256585,1953.9523878268487,1912.3950347339191,1915.464999225719,1782.776016247462
1953-04-01,2202.678070175438,2054.365226214163,2144.3605636349853,1993,2136.163753784159,2052.159336276747,2005.720384707392,2021.0194374229975,2040.4598131588218
1953-05-01,2265.572807017543,2115.295556710845,2200.380997946901,2021,2267.263533930184,2106.0136949694074,2054.827335105387,2065.683179986679,1878.8823790057395
1953-06-01,2420.046491228069,2267.8048328797854,2347.9157757594726,2199,2226.2867654985807,2347.070659818836,2295.8721430325745,2381.239722657476,2379.6677918888254
1953-07-01,2810.257017543858,2656.050948449736,2731.122791809542,2622,2886.2807708328583,2725.706456248556,2744.808213166378,2609.9441725559764,2502.3814918682046
1953-08-01,3915.0464912280695,3758.8760053353294,3828.844151360269,3787,3667.970482743506,3177.8127733100177,3314.049780571979,3529.749554751544,3562.8670645633956
1953-09-01,3165.257017543858,3007.122126765748,3071.9219596748108,2914,3207.001781975645,3138.6287775133123,3318.8876987075228,2554.2235968120904,2658.2049218104366
1953-10-01,2696.204385964911,2536.1050872824926,2595.672006226851,2487,2509.0457781305686,2807.735699686662,2800.5059736954613,2726.6867451614507,2823.4722302575283
1953-11-01,2516.678070175438,2354.6143605083103,2408.883764700601,2314,2435.67064948886,2485.0704908958696,2428.4612879268507,2482.940657002096,2346.306580140659
1953-12-01,2278.151754385964,2114.1236330909583,2163.0309193065864,2139,2189.9582161202748,2199.950082345504,2166.385387604842,2056.640816530725,2022.9697407527556
1954-01-01,2101.365350877192,1935.8639190700976,2007.4137882829657,2124,1945.8117256448688,2028.901301617407,1971.421418556529,1891.643382800355,1823.4797567884925
1954-02-01,2083.733771929824,1917.2501417977392,1983.3409782194665,2214,2049.4007802619126,2033.03707997002,2026.1910545552687,2047.092538308435,2064.485182565391
1954-03-01,2220.41798245614,2052.952151864186,2113.551655695768,2234,2072.153113419868,2174.3806753770696,2188.8486152580685,2188.910692110557,2226.4006779970173
1954-04-01,2328.470614035087,2160.022582127729,2215.09845229082,2279,2207.037323127986,2286.8030590712497,2266.3896934127674,2397.59239757924,2352.122449476592
1954-05-01,2391.365350877192,2221.935116914464,2271.455052215148,2423,2338.4771024425227,2315.1422867203974,2265.411107100131,2251.754149424397,2268.218559024617
1954-06-01,2545.8390350877185,2375.4265973734564,2419.3582975740137,2290,2297.872444167397,2499.836850700852,2447.165039108652,2605.205970226212,2565.8619716450103
1954-07-01,2936.049561403508,2764.65491723346,2802.96608310426,2903,2958.2706706461195,2829.5950049824355,2804.0615208735726,2862.1593079036884,2674.277827797877
1954-08-01,4040.83903508772,3868.462178409106,3901.120514069046,4485,3740.396714689179,3470.152845207705,3597.9199930266395,3981.396229431487,4032.4244751788383
1954-09-01,3291.049561403508,3117.6905041295768,3144.6636957315286,3085,3279.896457041695,3673.9962981629214,3872.9269081491975,3287.061570222675,3578.824075375662
1954-10-01,2821.9969298245605,2647.6556689363742,2668.911417565392,2852,2582.441007304964,2987.9649928185563,2943.684387109552,2942.9117598776284,2619.307587847654
1954-11-01,2642.4706140350872,2467.147146452244,2482.6531532548474,2629,2509.5985437595664,2676.099494107128,2617.409691671752,2725.3903657133005,2638.247975982541
1954-12-01,2403.944298245613,2227.638623324945,2237.36258701042,2435,2264.450886475259,2443.885240448425,2406.714500256828,2468.03760941908,2419.0397735099414
1955-01-01,2227.157894736841,2050.3611135941374,2082.340037070269,2227,2020.901283072097,2363.956025364919,2329.934162620477,2317.5283871793417,2384.7066654321407
1955-02-01,2209.526315789473,2032.729540611831,2058.894110024121,1944,2125.119335749353,2325.677504838712,2333.49403901878,2340.9693424101124,2280.7609346313748
1955-03-01,2346.210526315788,2169.41375496833,2189.763972451656,2125,2148.532777955485,2325.776825126617,2315.9242316487466,2142.592934682514,1920.7045226493192
1955-04-01,2454.263157894736,2277.4663895219264,2292.002255931823,2260,2284.110207699749,2439.76092366238,2433.3009864959427,2276.4975961192904,2131.3817480372963
1955-05-01,2517.157894736841,2340.361128598713,2349.08264467515,2299,2416.275318038397,2506.5639892681565,2495.5662249826346,2357.0249417504992,2367.072366267861
1955-06-01,2671.6315789473674,2494.834813347759,2497.7419807868955,2323,2376.4281017753488,2571.794534825656,2489.280086712785,2347.4866481199406,2126.1053455940746
1955-07-01,3061.842105263157,2885.0453374978147,2882.1381590039045,2659,3037.615881254116,3131.217731142353,3110.9317016651166,2907.7742384582943,2897.8383659660713
1955-08-01,4166.631578947367,3989.8348029635135,3981.113284589334,3761,3820.563589285186,3754.421975214944,3838.0567192499298,4038.965598575899,4201.126857440494
1955-09-01,3416.842105263157,3240.045332974037,3225.5094628063434,2779,3360.9171066136805,3511.0659716520327,3662.3643359255448,2743.660015664742,2319.006149540981
1955-10-01,2947.789473684209,2770.992702070887,2750.642483128615,2761,2664.3475428408933,3020.8995821312537,3010.138836729268,2463.585475053731,2504.066223863534
1955-11-01,2768.263157894736,2591.4663838768097,2565.301819240361,2446,2592.423076247407,2805.457684569845,2810.4035509360124,2441.98325304631,2502.5168669468394
1955-12-01,2529.7368421052624,2352.940065039563,2320.961155352107,2278,2348.2255269029783,2515.250351415169,2511.828518927322,2272.578167906351,2211.4674019857957
1956-01-01,2352.95043859649,2176.6447595988075,2166.9208097020096,1879,2105.658142427661,2304.385953692786,2280.0399452592205,2063.447005838523,2027.2643983615962
1956-02-01,2335.318859649122,2159.9953909065543,2144.4893888798,1881,2210.890525020728,2077.8962221637603,2024.8083840048,1821.3105596980472,1553.7857770684868
1956-03-01,2472.0030701754376,2297.661809553106,2276.406059465153,2165,2235.3504081306382,2206.7536437518315,2197.4447551124576,1944.7964647125275,2025.146232394461
1956-04-01,2580.055701754385,2406.696648396755,2379.723453037021,2199,2372.006389766645,2380.812380307344,2404.223831950188,2142.348317926136,2265.165504155204
1956-05-01,2642.95043859649,2470.5735917635943,2437.915253805931,2308,2505.282162985005,2421.2434247347333,2413.080643194861,2292.6481602948625,2198.643085226664
1956-06-01,2797.424122807017,2626.029480802693,2587.7183038771427,2529,2466.5777205896347,2532.0133472093944,2488.5244332262896,2228.112918046335,2293.3254092735024
1956-07-01,3187.634649122806,3017.222209242801,2973.290497987499,2573,3128.940384924046,2957.702340982497,2976.3122812425177,2774.352124124238,2828.197313496232
1956-08-01,4292.424122807017,4122.993878998552,4073.473941400158,3946,3913.095088798728,3325.365659051212,3406.8072200036067,4060.843442770123,3635.9859821580912
1956-09-01,3542.634649122806,3374.186613299129,3319.110739378279,3200,3454.6877129588,3400.259023441461,3576.161313368269,2806.723760822857,2927.25330353965
1956-10-01,3073.582017543859,2906.116186686031,2845.5166813955448,2574,2759.3893670055586,3125.9280195888737,3163.217424095913,2876.90077444511,3150.773692761102
1956-11-01,2894.055701754385,2727.5720727820067,2661.4812411361663,2422,2688.7682292195823,2644.655755118025,2584.352714553314,2486.6485372491134,2220.9850902811995
1956-12-01,2655.5293859649114,2490.027958234812,2418.4781028106704,2446,2445.906119670632,2365.256304560589,2348.387861389081,2227.893366873413,2214.1951078477805
1957-01-01,2478.7429824561395,2314.71485708411,2265.8075846572133,2828,2204.7062859787584,2209.931919420917,2185.179672707965,2091.8702211722702,2013.1088430786695
1957-02-01,2461.1114035087708,2299.0476926819088,2244.778293265525,2879,2311.3383303432365,2396.6857138532428,2448.903042626643,2407.069535848132,2799.793246121806
1957-03-01,2597.795614035087,2437.6963156185134,2378.1293952152832,2800,2337.229986212525,2644.43816991807,2700.4151369310025,2905.136984827648,3132.1258777540716
1957-04-01,2705.848245614034,2547.713358752215,2482.9135220854378,2835,2475.3498515958763,2707.216070106064,2694.9031247874746,2853.957148452494,2792.8030470769945
1957-05-01,2768.7429824561395,2612.5725064091066,2542.6043580865166,2585,2610.121619549548,2760.9019718165614,2732.7325820056403,2897.5513764678635,2907.7133962417593
1957-06-01,2923.216666666666,2769.010599738257,2693.9387453237787,2787,2572.945282877456,2735.434636675599,2659.6898078148383,2817.8779052974987,2770.0395253719726
1957-07-01,3313.4271929824554,3161.1855324684184,3081.074578534068,3334,3236.868163923111,3037.611242141992,3023.917481850934,3066.490056054574,2794.2682633492996
1957-08-01,4418.216666666666,4267.939406514222,4182.853962980542,4746,4022.6151954970046,3794.098203268122,3884.902627346026,4598.273226424708,4673.783806836753
1957-09-01,3668.427192982456,3520.114345104851,3430.11900392636,3613,3565.832258344254,3972.81314717636,4106.600753538058,3770.81687168409,3965.558286897667
1957-10-01,3199.374561403508,3053.0261227818064,2958.185490845204,3463,2872.190462066157,3317.438892245936,3278.386154500386,3358.173752999255,2949.400064929272
1957-11-01,3019.8482456140346,2875.4642131678343,2775.842897421289,3274,2803.257984943293,3089.131054134893,3029.6603856788624,3140.227955865856,3273.7428461289637
1957-12-01,2781.3219298245604,2638.902302910693,2534.5649078651345,2801,2562.116647045419,3011.887588220732,2966.921876813631,3198.6634411760806,3268.577951805244
1958-01-01,2604.5355263157885,2464.5714060500427,2383.651840414904,2488,2322.669695992591,2950.3760707935107,2920.5510497589285,3015.647233898225,3147.1023577549004
1958-02-01,2586.90394736842,2449.8864459378947,2364.4123016603226,2386,2431.08673398408,2812.294607818969,2799.3892474652607,2715.9089328706305,2495.965443831541
1958-03-01,2723.588157894736,2589.517273164552,2499.585458181071,2428,2458.795494468347,2806.096329152718,2821.5219132565235,2707.301458926191,2261.7675731257723
1958-04-01,2831.640789473683,2700.516520588306,2606.223941556097,2678,2598.764575454642,2840.7696325252227,2845.8029932995028,2657.630920441685,2422.052267139613
1958-05-01,2894.5355263157885,2766.3578725352504,2667.801435995929,2744,2735.417669999225,2854.965463949121,2838.562465056754,2613.690048175185,2389.614996762837
1958-06-01,3049.009210526315,2923.7781701544536,2821.054783605828,2772,2700.1547709060105,3102.732968323073,3042.371757274881,2952.827128616708,2906.780124947314
1958-07-01,3439.2197368421043,3316.935307174668,3210.141879122635,3520,3366.02320051851,3622.677665454789,3565.87398639392,3085.3079625306946,3281.226799959013
1958-08-01,4544.009210526315,4424.671385510524,4313.904827809509,3833,4153.747891647215,4291.748214663574,4285.592189263006,4557.493740505441,4894.646201631156
1958-09-01,3794.219736842104,3677.828528391205,3563.1857349296097,3377,3698.9747250372425,3953.5217687580607,3974.076873185364,3274.4537088830198,2653.614921859158
1958-10-01,3325.167105263157,3211.7225103582127,3093.3003899566183,3013,3007.37481028989,3688.948744142144,3676.3986365297583,2906.6835564745124,3183.2101462888986
1958-11-01,3145.6407894736835,3035.1428050342934,2913.038266574749,2871,2940.516325685737,3315.070435048789,3313.8361574748305,2852.617668510902,2786.8259848868493
1958-12-01,2907.1144736842098,2799.5630990672043,2673.873048994524,2592,2701.4810912945404,2929.4748587667486,2943.213558510374,2579.71740776787,2350.033588754788
1959-01-01,2730.328070175437,2626.214406496607,2525.1050554541034,2375,2464.172354736358,2639.921975039719,2630.385082549271,2609.4389480750306,2234.4089888668877
1959-02-01,2712.696491228069,2612.511650674511,2508.042892543216,2304,2574.7597182104582,2533.8365956968173,2520.8115625702712,2358.949675008916,2231.428895589892
1959-03-01,2849.380701754385,2753.1246821912214,2645.4257268415386,2464,2604.670915165302,2602.3616225095884,2591.7053241619537,2262.9825896095645,2310.4518836565258
1959-04-01,2957.4333333333325,2865.106133905028,2754.306189928023,2557,2746.8745436101426,2799.825995698264,2810.6061060832176,2511.748669102958,2680.2500297711476
1959-05-01,3020.328070175437,2931.9296901420253,2818.157966013194,2739,2885.794296601236,2877.6455282884067,2865.2400590837715,2421.826462673021,2583.8061864724987
1959-06-01,3174.801754385964,3090.332192051281,2973.717897202313,2714,2852.830166942499,3102.640008328245,3081.9004744080435,2771.0584830533,2732.6587222234575
1959-07-01,3565.0122807017533,3484.471533361547,3365.1438782322243,3102,3521.0294769774446,3506.67641622885,3503.618588241987,3294.38921096169,3419.1960176756957
1959-08-01,4669.801754385964,4593.189815987456,4471.278014366084,3961,4311.117159516558,3706.876170473379,3758.0948880279625,4096.696249395777,3375.088129073898
1959-09-01,3920.0122807017538,3847.329163158191,3722.9624108670528,3772,3858.739095304964,3787.628988835104,3884.399011893371,3243.8098446354625,3465.0494345116604
1959-10-01,3450.9596491228062,3382.2053494152506,3255.5128572088124,3245,3169.5663939439564,3581.6387678457604,3622.044721303994,3226.7241118635084,3379.556128407441
1959-11-01,3271.4333333333325,3206.6078483813835,3077.7188270755737,3104,3105.1672337141144,3227.395157250613,3214.55412898546,3136.503953173662,3065.8349655739075
1959-12-01,3032.9070175438587,2972.010346704348,2841.054004677862,2869,2868.623434685196,2933.325402428934,2933.322067998998,2693.5769136677945,2788.7427198482146
1960-01-01,2856.120614035087,2799.643858423803,2694.818708253839,2513,2633.838244477258,2697.6958572936483,2684.0772938156624,2496.7203729793346,2617.0899942485485
1960-02-01,2838.4890350877185,2786.92330689176,2680.321544393229,2385,2746.981265289569,2548.4546689282,2517.177722978664,2474.9297271366595,2407.362034509668
1960-03-01,2975.1732456140344,2928.5185426985217,2820.3016796757124,2756,2779.4802305705907,2607.303089565305,2601.6257808713344,2536.353133182487,2507.228284779476
1960-04-01,3083.225877192981,3041.482198702381,2931.811745680239,2927,2924.303738329575,2857.9722013731684,2894.7603404988886,2860.1896413747427,2812.4922199108914
1960-05-01,3146.120614035087,3109.287959229431,2998.325426617336,2940,3065.875481622781,3038.7646082029955,3055.517673387242,3068.0907629429967,3073.9422086982477
1960-06-01,3300.594298245613,3268.6726654287395,3156.579564592261,3180,3035.595453254121,3115.183068841627,3074.59995614965,2925.468997796253,2877.3216280436545
1960-07-01,3690.804824561402,3663.794211029058,3550.732054341861,3791,3706.510975567111,3546.060511834049,3519.485019968728,3659.8518246975273,3532.371411167922
1960-08-01,4795.594298245614,4773.49469794502,4659.6250011292905,4093,4499.346981372237,4119.843438093833,4120.807627056549,4369.986949818151,4617.18633142305
1960-09-01,4045.804824561402,4028.616249405807,3914.100510217713,4309,4049.74935141462,4083.878202258272,4091.585796345548,3852.532619190846,3868.5676808741828
1960-10-01,3576.752192982455,3564.4746399529195,3449.4743710808066,3532,3363.3891952955573,3933.3221929268257,3946.67013322601,3658.159265917131,3745.203337351315
1960-11-01,3397.225877192982,3389.8593432091056,3274.5360574027864,3408,3301.834691295626,3524.977976853388,3488.6807632312093,3519.8667358157945,3353.480470207097
1960-12-01,3158.699561403508,3156.2440458221217,3040.7592533941743,2839,3068.167659484585,3208.640992209408,3206.186158580578,3169.9706993263358,3134.9879624426103
1961-01-01,2981.913157894736,2984.85976183163,2897.444277293132,2792,2836.29134748249,2762.7238613661325,2711.5452700484893,2723.2670553641456,2443.7058052667635
1961-02-01,2964.2815789473675,2973.121414589639,2885.899735689386,2798,2952.375357488614,2731.545908249516,2711.5324033151883,2658.561616784177,2625.69615508919
1961-03-01,3100.965789473684,3115.698854686454,3028.864795162616,3007,2987.847422951413,2959.2364317798324,2961.291515707604,3067.374063412337,3135.9360534851676
1961-04-01,3209.0184210526304,3229.644714980366,3143.392087291769,3086,3135.6761418801425,3179.737601065584,3190.492944016008,3119.961552508721,3140.8182704120727
1961-05-01,3271.9131578947363,3298.432679797468,3212.955296287375,3201,3280.285207331058,3300.236660985465,3262.5133000968613,3206.9284323851757,3058.9516114105863
1961-06-01,3426.3868421052625,3458.7995902868297,3374.2912642546926,3428,3253.0746121080765,3566.009828370396,3506.873576553821,3341.1050136827344,3404.804301761512
1961-07-01,3816.597368421052,3854.9033401772,3771.557885930568,3754,3927.091678554711,3973.129857955105,3909.720634159669,3821.3504618258376,4001.8704251855306
1961-08-01,4921.386842105262,4965.586031383215,4883.597266578154,4917,4723.061339481446,4239.829185864329,4181.346276780446,4432.251998404896,4016.752285634195
1961-09-01,4171.597368421051,4221.689787134054,4141.251511460614,3760,4276.629475633408,4585.936468135064,4534.417102189751,4696.851113640492,5094.603236924373
1961-10-01,3702.5447368421046,3758.53038197122,3679.836410051628,3609,3593.4671966118904,3952.0928953912494,3869.4679941613167,3538.887514253568,2942.614969479181
1961-11-01,3523.018421052631,3584.8972895174584,3508.1414360354106,3471,3535.1426806974696,3635.879728345848,3603.2254408866406,3329.0632303282146,3440.770620132298
1961-12-01,3284.492105263157,3352.264196420527,3277.640273622484,3347,3304.737747959908,3250.9255699170017,3233.892557109285,3106.1618820762087,2868.315614858615
1962-01-01,3107.705701754385,3181.862116720088,3137.633241051007,3333,3076.155646019258,3150.2085004385617,3150.2472883936343,3041.887684798929,3263.6618590947564
1962-02-01,3090.0741228070165,3171.10597376815,3129.4289449107114,3456,3195.5659770747907,3189.1231988231925,3178.433085080119,3157.8059292859944,3305.7716819711823
1962-03-01,3226.7583333333323,3314.665618155017,3275.7665517812698,3569,3234.396474574968,3417.444311696019,3417.9526786730808,3508.9694468199123,3624.987524847036
1962-04-01,3334.81096491228,3429.593682738982,3393.698693241637,3900,3385.615736529042,3571.028695200807,3540.239100921186,3671.23792239352,3609.8560318818245
1962-05-01,3397.705701754385,3499.3638518461366,3466.6990535023383,3909,3533.6474559932667,3773.1212521204016,3727.192542598792,3822.944608566954,3981.4378065976143
1962-06-01,3552.1793859649115,3660.712966625552,3631.504474668635,4098,3509.891625771565,3947.491755739719,3851.997763115904,4067.827294895929,4096.991965442616
1962-07-01,3942.389912280701,4057.798920805975,4032.272851477367,4826,4187.395568207442,4326.364190243392,4202.481698684725,4693.263911084071,4389.702735999992
1962-08-01,5047.179385964912,5169.463816302042,5147.846289191697,5770,4986.884216111391,4774.017682144117,4640.694589770634,5366.609942883282,5950.770968892084
1962-09-01,4297.389912280701,4426.549776342934,4409.06689307478,5108,4544.00345022853,4692.028769418816,4583.99012092564,5154.450021952176,4581.513182102892
1962-10-01,3828.3372807017536,3964.3725754701513,3951.250452600301,4360,3864.424380160155,4465.679336300493,4318.317729553966,4721.733864279409,4917.494273911452
1962-11-01,3648.81096491228,3791.7216873064426,3783.186441452469,4100,3809.715184186847,4050.528367554912,3910.008990652404,4350.547876672563,4191.060118041803
1962-12-01,3410.2846491228065,3560.0707984995643,3556.3485438418134,3562,3582.957682378362,3776.160392683065,3677.5378395248895,3874.633435680257,3937.63777797273
1963-01-01,3233.498245614034,3390.650923089177,3420.037078006489,3284,3358.0551223547554,3497.242240612324,3407.4355580013053,3743.420805368858,3513.648300656736
1963-02-01,3215.866666666666,3380.8769844272915,3415.560650536227,3278,3481.177106315302,3434.0444897388084,3341.497445537207,3596.469915140806,3366.0640619684928
1963-03-01,3352.5508771929817,3525.418833104212,3565.658428010703,3424,3523.751367708456,3616.794154493362,3522.7185503932783,3698.887484754231,3352.6854354383468
1963-04-01,3460.603508771929,3641.329101978229,3687.383042008869,3843,3678.7465045434737,3909.351561667385,3807.9399269871774,3788.856457269442,3715.623900330065
1963-05-01,3523.498245614034,3712.0814753754366,3764.208176741252,3614,3830.586209876612,4134.2672532491,4007.763259651334,3874.866653108444,3813.269454973579
1963-06-01,3677.97192982456,3874.412794444903,3932.87067431311,3536,3810.6704765117865,4280.379008414774,4080.40292805217,3987.5054007648,3763.2436580284875
1963-07-01,4068.18245614035,4272.480952915379,4337.528429461287,4505,4492.046626792508,4635.688987725589,4401.946567035038,4170.540755705464,4218.651839175753
1963-08-01,5172.971929824561,5385.128052701499,5457.023547448944,5456,5295.43959352927,5029.833476791289,4813.052522192538,5438.841554397917,5411.947992194309
1963-09-01,4423.18245614035,4643.196217032444,4722.198133539236,4881,4856.495257467184,5033.501498483392,4835.641285469419,4534.1230016725785,4750.531980127624
1963-10-01,3954.1298245614025,4182.001220449714,4268.367977205848,4041,4180.884728207554,4725.717307107856,4534.03449324617,4224.892197721685,4091.365542678439
1963-11-01,3774.603508771929,4010.332536576058,4104.32255213299,3724,4130.176184030956,4254.451439265738,4098.6470972127245,3900.4483555806783,3731.3140745979545
1963-12-01,3536.077192982455,3779.663852059232,3881.5355425311895,3525,3907.451445007148,3747.763478742794,3657.273144179082,3341.972107779065,3140.95248970165
1964-01-01,3359.290789473683,3611.2261809388974,3749.307266638603,3437,3686.613758756185,3445.408876801296,3391.9876130686503,3258.504439803579,3206.6535259046295
1964-02-01,3341.659210526315,3602.4344465670647,3748.94633104496,3324,3813.832727477344,3426.44912419546,3375.169424650378,3389.293976885231,3393.356230090825
1964-03-01,3478.343421052631,3747.958499534038,3903.1919023299374,3977,3860.536084619077,3619.637497236585,3548.357811377046,3465.329305208072,3430.8427254298913
1964-04-01,3586.396052631578,3864.8509726981074,4029.096612072488,4025,4019.6924281906377,4089.938932468348,4034.156887867858,4055.996800949575,4360.9715110781635
1964-05-01,3649.290789473683,3936.5855503853672,4110.134144483136,4016,4175.725451248287,4043.5879997729166,3935.6203744661966,3891.072855744736,3758.1871710066735
1964-06-01,3803.76447368421,4099.899073744887,4283.04134166714,4031,4160.035146595939,4151.863201701112,3979.800076862784,4003.433157882055,3900.358922439149
1964-07-01,4193.974999999999,4498.949436505416,4691.976098361349,4489,4845.668836577104,4635.08117740761,4417.164980854934,4889.017150948133,4965.539905277963
1964-08-01,5298.76447368421,5612.578740581588,5815.780519828917,5563,5653.351454002277,4941.426806309751,4732.131226207494,5610.526096567959,5402.723004834685
1964-09-01,4548.974999999999,4871.629109202585,5085.296711333005,5709,5218.72887961657,4961.18463641044,4789.111969329059,4993.839208255449,4951.566982772554
1964-10-01,4079.922368421052,4411.416316909908,4635.8404623472925,4620,4547.472223021283,4791.198087556561,4626.783760468806,4611.948816204971,4838.696197015328
1964-11-01,3900.396052631578,4240.729837326305,4476.201246555993,4160,4501.149662496997,4333.236376682881,4157.653057790014,4419.473631015173,4269.579334655187
1964-12-01,3661.869736842104,4011.043357099531,4257.852748169633,4012,4282.843018113466,3933.2934214184265,3795.076501892064,3886.592226805537,3924.625212688975
1965-01-01,3485.0833333333326,3843.587890269249,4130.0952854263705,3987,4066.4555374907495,3703.2011525602406,3613.4910236277815,3701.173794999824,3888.5339559196236
1965-02-01,3467.451754385964,3835.778360187469,4134.23746491593,4155,4198.156822828118,3725.436017216542,3640.103878657564,3895.155507517573,3842.349569911291
1965-03-01,3604.13596491228,3982.2846174444944,4293.018453217999,4054,4249.374607574028,4143.036879109928,4024.20811589477,4460.723871879491,4774.484386417918
1965-04-01,3712.188596491227,4100.159294898617,4423.490881911515,4485,4413.077489737733,4231.581876654224,4089.550670374306,4488.057238938567,4061.639830868071
1965-05-01,3775.0833333333326,4172.87607687593,4509.128435207014,4558,4573.689162375495,4396.050911498626,4240.221647027616,4394.346898340464,4435.3958859854065
1965-06-01,3929.5570175438593,4337.171804525502,4686.667955209756,4462,4562.609618291224,4488.51601403337,4281.381917532497,4428.269716313418,4540.589801820224
1965-07-01,4319.767543859648,4737.204371576083,5100.267336656578,4594,5252.886179828433,4743.348048292252,4481.513252282017,5159.303705223094,4881.428193171007
1965-08-01,5424.557017543859,5851.815879942307,6228.768684810644,6481,6065.243779797618,5058.293716551852,4778.684273490578,5971.379865484803,5627.6049668611195
1965-09-01,4674.767543859648,5111.848452853357,5503.01410493511,6345,5635.3282989438885,5309.064625131423,5050.542413196852,5942.58469435291,6594.601559671539
1965-10-01,4205.7149122807,4652.617864850734,5058.319386503661,5142,4968.810846868545,5125.528767615356,4857.925110834973,5245.124647457478,5224.473814237466
1965-11-01,4026.188596491228,4482.913589557182,4903.474003200508,4824,4927.259601852171,4690.961191824303,4431.77196187052,4800.60449984801,4639.745919343895
1965-12-01,3787.662280701754,4254.209313620462,4689.951639236171,4573,4713.756383964517,4420.5499587914455,4206.089709741724,4601.677349065787,4636.357872027791
1966-01-01,3610.8758771929815,4087.736051080232,4567.052612848816,4158,4502.204440825645,4244.418913978326,4089.329857720559,4564.127198606559,4513.07858375091
1966-02-01,3593.2442982456128,4080.908725288505,4576.085530628168,4140,4638.773374634824,4071.904471084595,3902.244039821997,4314.902644845188,4284.95681131377
1966-03-01,3729.928508771929,4228.397186835583,4739.789559153907,4251,4694.890918840512,4137.355734254574,3948.1416713678177,4516.756323819856,3997.788025404745
1966-04-01,3837.981140350877,4347.254068579758,4875.21733000498,4734,4863.525671451962,4478.250306770517,4280.353412600477,4689.039323689933,4640.332178335202
1966-05-01,3900.8758771929815,4420.953054847123,4965.842527391915,4858,5029.101325525434,4673.537972806118,4460.173004249399,4737.319601646201,4774.87247971338
1966-06-01,4055.349561403508,4586.230986786748,5148.401993419973,4798,5023.017873864842,4710.054854738728,4451.897875796188,4728.008763301079,4722.037648918204
1966-07-01,4445.560087719297,4987.245758127382,5567.053622825997,5080,5718.322638813695,4959.920933877018,4630.997576738004,5127.123344642403,4892.520759955514
1966-08-01,5550.349561403507,6102.839470783659,6700.639520873148,6905,6535.74055318249,5341.994597546805,5000.38318164489,6526.318903698091,6929.772142001224
1966-09-01,4800.560087719297,5363.854247984761,5980.00179282458,5504,6110.917497716338,5454.659626901842,5146.0802019829225,6673.277211892168,6734.969845657073
1966-10-01,4331.50745614035,4905.60586427219,5540.456228153977,5457,5449.524582016539,5122.69935274591,4798.048667516635,4949.217420705092,4249.050665109018
1966-11-01,4151.981140350877,4736.883793268691,5390.792300545551,5198,5413.129984363674,4948.512770941042,4677.478469913071,4777.102185386804,5100.192725004152
1966-12-01,3913.454824561403,4509.161721622024,5182.483694209828,4890,5204.815524827501,4729.919052628776,4495.835000612567,4907.60242833056,4914.660053547132
